{
  "desktop": {
    "cards": {
      "canvas/agent.qwen": {
        "x": 40,
        "y": 40,
        "w": 320,
        "h": 420,
        "collapsed": false,
        "z": 229
      },
      "canvas/newsglobe.gpu-monitor": {
        "x": 36.33610534667969,
        "y": 482.2145080566406,
        "w": 320,
        "h": 360
      },
      "canvas/rss-globe-spec.md": {
        "x": 763.7632446289062,
        "y": 676.0665893554688,
        "w": 895.5966796875,
        "h": 561.1026611328125
      },
      "canvas/voice.voice": {
        "x": 380.3902587890625,
        "y": 36.564361572265625,
        "w": 320,
        "h": 360
      },
      "canvas/rss-globe.rss-globe": {
        "x": 766.6243896484375,
        "y": 35.36064147949219,
        "w": 893.5335693359375,
        "h": 623.6065063476562
      },
      "canvas/newsglobe.gitrepo": {
        "x": 393.4203796386719,
        "y": 423.4715881347656,
        "w": 307.480712890625,
        "h": 645.7929077148438,
        "z": 228
      },
      "canvas/newsglobe.filebrowser": {
        "x": 40,
        "y": 1204,
        "w": 440,
        "h": 360,
        "z": 237
      },
      "README.md": {
        "x": 30.656890869140625,
        "y": 854.4712524414062,
        "w": 322.2418212890625,
        "h": 354.79718017578125
      }
    },
    "bounds": {
      "w": 2400,
      "h": 2152
    }
  }
}